{
  "nodes":[
    {"name":"Forwarders"},
    {"name":"prod-responder"},
    {"name":"HBase"},
    {"name":"pod0-streamer"},
    {"name":"redis"},
    {"name":"mondodb"},
    {"name":"pod0-frontend"}
  ],
  "links":[
    {"source":1,"target":0,"value":1},
    {"source":2,"target":0,"value":8},
    {"source":5,"target":0,"value":10},
    {"source":0,"target":1,"value":6},
    {"source":2,"target":1,"value":6},
    {"source":5,"target":1,"value":6},
    {"source":0,"target":2,"value":6},
    {"source":1,"target":2,"value":6},
    {"source":3,"target":2,"value":4},
    {"source":2,"target":3,"value":7},
    {"source":4,"target":3,"value":6},
    {"source":3,"target":4,"value":6},
    {"source":5,"target":4,"value":8},
    {"source":0,"target":5,"value":6},
    {"source":1,"target":5,"value":5},
    {"source":2,"target":5,"value":5},
    {"source":4,"target":5,"value":6},
    {"source":3,"target":6,"value":5},
    {"source":5,"target":6,"value":5}
  ]
}